<?xml version="1.0" encoding="UTF-8" ?>
<!DOCTYPE mapper PUBLIC "-//mybatis.org//DTD Mapper 3.0//EN" "http://mybatis.org/dtd/mybatis-3-mapper.dtd" >
<mapper namespace="com.wip.dao.CommentDao">

    <!--表名-->
    <sql id="BASE_TABLE">
        t_comments
    </sql>
    <!--文章表列名-->
    <sql id="BASE_COLUMN">
        cm.coid, cm.cid,cm.tuid, cm.created, cm.author, cm.authorId, cm.ownerId, cm.mail,
        cm.url, cm.ip, cm.agent, cm.type, cm.status, cm.parent, cm.content
    </sql>

    <!--添加评论-->
    <insert id="addComment" parameterType="com.wip.model.CommentDomain">
        INSERT INTO
          <include refid="BASE_TABLE"/>
        <trim prefix="(" suffix=")" suffixOverrides=",">
        <if test="tuid == null">  
            cid,  
        </if>  
        <if test="cid == null">  
            tuid,  
        </if>  
			 created, author,authorId,ownerId,mail,
            url, ip, agent, type, status, parent, content
        </trim>
        <trim prefix="VALUES(" suffix=")" suffixOverrides=",">
        <if test="tuid == null">  
            #{cid, jdbcType=INTEGER},
        </if>  
        <if test="cid == null">  
            #{tuid, jdbcType=INTEGER},
        </if>  
            #{created, jdbcType=INTEGER},
            #{author, jdbcType=VARCHAR},
            #{authorId, jdbcType=INTEGER},
            #{ownerId, jdbcType=INTEGER},
            #{email, jdbcType=VARCHAR},
            #{url, jdbcType=VARCHAR},
            #{ip, jdbcType=VARCHAR},
            #{agent, jdbcType=VARCHAR},
            #{type, jdbcType=VARCHAR},
            #{status, jdbcType=VARCHAR},
            #{parent, jdbcType=INTEGER},
            #{content, jdbcType=LONGVARCHAR}
        </trim>
    </insert>
    <!--根据文章ID获取评论-->
    <select id="getCommentByCId" resultType="com.wip.model.CommentDomain">
        SELECT
          <include refid="BASE_COLUMN"/>
        FROM
          <include refid="BASE_TABLE"/> AS cm
        WHERE
          cm.cid = #{cid, jdbcType=INTEGER}
          AND
          cm.status = 'approved'
        ORDER BY
          cm.created
    </select>
	
	<select id="getCommentByTuId" resultType="com.wip.model.CommentDomain">
        SELECT
          <include refid="BASE_COLUMN"/>
        FROM
          <include refid="BASE_TABLE"/> AS cm
        WHERE
          cm.tuid = #{tuid, jdbcType=INTEGER}
          AND
          cm.status = 'approved'
        ORDER BY
          cm.created
    </select>
    
    <!--删除评论-->
    <delete id="deleteComment">
        DELETE FROM
          <include refid="BASE_TABLE"/>
        WHERE
          coid = #{coid, jdbcType=INTEGER}
    </delete>

    <!--获取评论总数-->
    <select id="getCommentCount" resultType="java.lang.Long">
        SELECT
          COUNT(*)
        FROM
          <include refid="BASE_TABLE"/>
    </select>

    <!--根据条件查找评论列表-->
    <select id="getCommentsByCond" resultType="com.wip.model.CommentDomain" parameterType="com.wip.dto.cond.CommentCond">
        SELECT
          <include refid="BASE_COLUMN"/>
        FROM
          <include refid="BASE_TABLE"/> AS cm
        <where>
            <if test="status != null">
                AND cm.status = #{status, jdbcType=VARCHAR}
            </if>
            <if test="startTime != null">
                AND cm.created &gt;= #{startTime, jdbcType=INTEGER}
            </if>
            <if test="endTime != null">
                AND cm.created &lt;= #{endTime, jdbcType=INTEGER}
            </if>
            <if test="parent != null">
                AND cm.parent = #{parent, jdbcType=INTEGER}
            </if>
        </where>
        ORDER BY cm.created
    </select>

    <!--通过ID获取评论-->
    <select id="getCommentById" resultType="com.wip.model.CommentDomain">
        SELECT
          <include refid="BASE_COLUMN"/>
        FROM
          <include refid="BASE_TABLE"/> AS cm
        WHERE
          cm.coid = #{coid, jdbcType=INTEGER}
    </select>

    <!--更新评论状态-->
    <update id="updateCommentStatus">
        UPDATE
          <include refid="BASE_TABLE"/>
        SET
          status = #{status, jdbcType=VARCHAR}
        WHERE
          coid = #{coid, jdbcType=INTEGER}
    </update>


</mapper>