<?xml version="1.0" encoding="UTF-8" ?>
<!DOCTYPE mapper PUBLIC "-//mybatis.org//DTD Mapper 3.0//EN" "http://mybatis.org/dtd/mybatis-3-mapper.dtd" >
<mapper namespace="com.wip.dao.RelationShipDao">
    <!--表名-->
    <sql id="BASE_TABLE">
        t_relationships
    </sql>

    <!--基本列-->
    <sql id="BASE_COLUMN">
        rs.cid, rs.mid,rs.tuid
    </sql>

    <!--根据meta编号获取对应的标签或则分类-->
    <select id="getRelationShipByMid" resultType="com.wip.model.RelationShipDomain">
        SELECT
          <include refid="BASE_COLUMN"/>
        FROM
          <include refid="BASE_TABLE"/> AS rs
        WHERE
          mid = #{mid, jdbcType=INTEGER}
    </select>



    <!--删除meta的所有记录-->
    <delete id="deleteRelationShipByMid">
        DELETE FROM
          <include refid="BASE_TABLE"/>
        WHERE
          mid = #{mid, jdbcType=INTEGER}
    </delete>

    <delete id="deleteRelationShipByCid">
        DELETE FROM
          <include refid="BASE_TABLE"/>
        WHERE
          cid = #{cid, jdbcType=INTEGER}
    </delete>
    
    <delete id="deleteRelationShipByTuid">
        DELETE FROM
          <include refid="BASE_TABLE"/>
        WHERE
          tuid = #{tuid, jdbcType=INTEGER}
    </delete>

    <!--查找数量-->
    <select id="getCountById" resultType="java.lang.Long">
        SELECT
          COUNT(*)
        FROM
          <include refid="BASE_TABLE"/>
        WHERE
          cid = #{cid, jdbcType=INTEGER}
        AND
          mid = #{mid, jdbcType=INTEGER}
    </select>
	<select id="getCountByTuId" resultType="java.lang.Long">
        SELECT
          COUNT(*)
        FROM
          <include refid="BASE_TABLE"/>
        WHERE
          tuid = #{tuid, jdbcType=INTEGER}
        AND
          mid = #{mid, jdbcType=INTEGER}
    </select>
    <!--添加-->
    <insert id="addRelationShip" parameterType="com.wip.model.RelationShipDomain">
        INSERT INTO
          <include refid="BASE_TABLE"/>
        <trim prefix="(" suffix=")" suffixOverrides=",">
            cid, mid,tuid,
        </trim>
        <trim prefix="VALUES(" suffix=")" suffixOverrides=",">
            #{cid, jdbcType=INTEGER},
            #{mid, jdbcType=INTEGER},
            null
        </trim>
    </insert>
	 <!--添加-->
    <insert id="addTRelationShip" parameterType="com.wip.model.RelationShipDomain">
        INSERT INTO
          <include refid="BASE_TABLE"/>
        <trim prefix="(" suffix=")" suffixOverrides=",">
            cid, mid,tuid,
        </trim>
        <trim prefix="VALUES(" suffix=")" suffixOverrides=",">
            null,
            #{mid, jdbcType=INTEGER},
            #{tuid, jdbcType=INTEGER}
        </trim>
    </insert>
    <!--根据文章ID获取对应的标签或分类-->
    <select id="getRelationShipByCid" resultType="com.wip.model.RelationShipDomain">
        SELECT
          <include refid="BASE_COLUMN"/>
        FROM
          <include refid="BASE_TABLE"/> AS rs
        WHERE
          cid = #{cid, jdbcType=INTEGER}
    </select>
	 <select id="getRelationShipByTuid" resultType="com.wip.model.RelationShipDomain">
        SELECT
          <include refid="BASE_COLUMN"/>
        FROM
          <include refid="BASE_TABLE"/> AS rs
        WHERE
          tuid = #{tuid, jdbcType=INTEGER}
	 </select>

</mapper>