<?xml version="1.0" encoding="UTF-8"?>
<!DOCTYPE mapper PUBLIC "-//mybatis.org//DTD Mapper 3.0//EN" "http://mybatis.org/dtd/mybatis-3-mapper.dtd" >
<mapper namespace="com.wip.dao.TutorialsDao">

    <!--表名-->
    <sql id="BASE_TABLE">
        t_tutorials
    </sql>
    <!--教程表列名-->
    <sql id="BASE_COLUMN">
        t.tuid, t.title, t.titlePic, t.slug, t.created, t.modified, t.content, t.authorId,
        t.type, t.status, t.tags, t.categories, t.hits, t.commentsNum, t.allowComment,
        t.allowPing, t.allowFeed
    </sql>

    <!--用户表-->
    <sql id="TABLE_USER">
        <include refid="com.wip.dao.UserDao.BASE_TABLE"/>
    </sql>

    <!--添加教程-->
    <insert id="addTutorial" parameterType="com.wip.model.TutorialsDomain" useGeneratedKeys="true" keyProperty="tuid">
        INSERT INTO
          <include refid="BASE_TABLE"/>
        <trim prefix="(" suffix=")" suffixOverrides=",">
            title, titlePic, slug, created, content, authorId,
            type, status, tags, categories, hits, commentsNum, allowComment,
            allowPing, allowFeed
        </trim>
        <trim prefix="VALUES(" suffix=")" suffixOverrides=",">
            #{title, jdbcType=VARCHAR},
            #{titlePic, jdbcType=VARCHAR},
            #{slug, jdbcType=VARCHAR},
            UNIX_TIMESTAMP(NOW()),
            #{content, jdbcType=LONGVARCHAR},
            #{authorId, jdbcType=INTEGER},
            #{type, jdbcType=VARCHAR},
            #{status, jdbcType=VARCHAR},
            #{tags, jdbcType=VARCHAR},
            #{categories, jdbcType=VARCHAR},
            #{hits, jdbcType=INTEGER},
            #{commentsNum, jdbcType=INTEGER},
            #{allowComment, jdbcType=INTEGER},
            #{allowPing, jdbcType=INTEGER},
            #{allowFeed, jdbcType=INTEGER}
        </trim>
    </insert>

    <!--根据文章ID获取文章信息-->
    <select id="getTutorialById" resultType="com.wip.model.TutorialsDomain">
        SELECT
          <include refid="BASE_COLUMN"/>
        FROM
          <include refid="BASE_TABLE"/> AS t
        WHERE
          t.tuid = #{tuid, jdbcType=INTEGER}
    </select>

    <!--根据文章ID更新文章-->
    <update id="updateTutorialById" parameterType="com.wip.model.TutorialsDomain">
        UPDATE
          <include refid="BASE_TABLE"/>
        <set>
            <if test="title != null">
                title = #{title, jdbcType=VARCHAR},
            </if>
            <if test="titlePic != null">
                titlePic = #{titlePic, jdbcType=VARCHAR},
            </if>
            <if test="slug != null">
                slug = #{slug, jdbcType=VARCHAR},
            </if>
            <if test="content != null">
                content = #{content, jdbcType=LONGVARCHAR},
            </if>
            modified = UNIX_TIMESTAMP(NOW()),
            <if test="type != null">
                type = #{type, jdbcType=VARCHAR},
            </if>
            <if test="status != null">
                status = #{status, jdbcType=VARCHAR},
            </if>
            <if test="tags != null">
                tags = #{tags, jdbcType=VARCHAR},
            </if>
            <if test="categories != null">
                categories = #{categories, jdbcType=VARCHAR},
            </if>
            <if test="hits != null">
                hits = #{hits, jdbcType=INTEGER},
            </if>
            <if test="commentsNum != null">
                commentsNum = #{commentsNum, jdbcType=INTEGER},
            </if>
            <if test="allowComment != null">
                allowComment = #{allowComment, jdbcType=INTEGER},
            </if>
            <if test="allowPing != null">
                allowPing = #{allowPing, jdbcType=INTEGER},
            </if>
            <if test="allowFeed != null">
                allowFeed = #{allowFeed, jdbcType=INTEGER},
            </if>
        </set>
        WHERE
          tuid = #{tuid, jdbcType=INTEGER}
    </update>

    <!--根据条件查询文章-->
    <select id="getTutorialsByCond" resultType="com.wip.model.TutorialsDomain" parameterType="com.wip.dto.cond.TutorialsCond">
        SELECT
          <include refid="BASE_COLUMN"/>
        FROM
          <include refid="BASE_TABLE"/> AS t
        <where>
            <if test="tag != null">
                AND t.tags LIKE CONCAT('%',#{tag, jdbcType=VARCHAR},'%')
            </if>
            <if test="category != null">
                AND t.categories LIKE CONCAT('%',#{category, jdbcType=VARCHAR},'%')
            </if>
            <if test="status != null">
                AND t.status = #{status, jdbcType=VARCHAR}
            </if>
            <if test="title != null">
                AND t.title LIKE CONCAT('%',#{title, jdbcType=VARCHAR},'%')
            </if>
            <if test="content != null">
                AND t.content LIKE CONCAT('%',#{content, jdbcType=VARCHAR},'%')
            </if>
            <if test="type != null">
                AND t.type = #{type, jdbcType=VARCHAR}
            </if>
            <if test="startTime != null">
                AND t.created &gt;= #{startTime, jdbcType=INTEGER}
            </if>
            <if test="endTime != null">
                AND t.created &lt;= #{endTime, jdbcType=INTEGER}
            </if>
        </where>
        ORDER BY t.created DESC
    </select>

    <!--删除文章-->
    <delete id="deleteTutorialsById">
        DELETE FROM
          <include refid="BASE_TABLE"/>
        WHERE
          tuid = #{tuid, jdbcType=INTEGER}
    </delete>

    <!--获取文章总数-->
    <select id="getTutorialsCount" resultType="java.lang.Long">
        SELECT
          COUNT(*)
        FROM
          <include refid="BASE_TABLE"/>
    </select>
    <!--通过分类获取文章-->
    <select id="getTutorialsByCategory" resultType="com.wip.model.TutorialsDomain">
        SELECT
          <include refid="BASE_COLUMN"/>
        FROM
          <include refid="BASE_TABLE"/> AS t
        WHERE
          t.categories = #{category, jdbcType=VARCHAR}
    </select>

    <!--通过标签获取 文章-->
    <select id="getArticleByTags" resultType="com.wip.model.TutorialsDomain">
        SELECT
          <include refid="BASE_COLUMN"/>
        FROM
          <include refid="BASE_TABLE"/> AS t
        WHERE
          t.tuid IN
        <foreach collection="list" item="param" index="index" open="(" close=")" separator=",">
            #{param.tuid, jdbcType=INTEGER}
        </foreach>
    </select>
</mapper>