<?xml version="1.0" encoding="UTF-8" ?>
<!DOCTYPE mapper PUBLIC "-//mybatis.org//DTD Mapper 3.0//EN" "http://mybatis.org/dtd/mybatis-3-mapper.dtd" >
<mapper namespace="com.wip.dao.UserDao">

    <!--表名-->
    <sql id="BASE_TABLE">
        t_users
    </sql>
    <!--列名-->
    <sql id="BASE_COLUMN">
        uid,username,password,email,homeUrl,screenName,created,activated,logged,groupName
    </sql>

    <!--通过用户名和密码获取用户信息-->
    <select id="getUserInfoByCond" resultType="com.wip.model.UserDomain">
        SELECT
          <include refid="BASE_COLUMN"/>
        FROM
          <include refid="BASE_TABLE"/>
        <where>
            <if test="username != null">
                AND username = #{username, jdbcType=VARCHAR}
            </if>
            <if test="password != null">
                AND password = #{password, jdbcType=VARCHAR}
            </if>
        </where>

    </select>
    <!--通过用户ID获取用户信息-->
    <select id="getUserInfoById" parameterType="com.wip.model.UserDomain" resultType="com.wip.model.UserDomain">
        SELECT
          <include refid="BASE_COLUMN"/>
        FROM
          <include refid="BASE_TABLE"/>
        WHERE
          uid = #{uid, jdbcType=INTEGER}
    </select>
    <!--更改用户信息-->
    <update id="updateUserInfo" parameterType="com.wip.model.UserDomain">
        UPDATE
          <include refid="BASE_TABLE"/>
        <set>
            <if test="password != null">
                password = #{password, jdbcType=VARCHAR},
            </if>
            <if test="screenName != null">
                screenName = #{screenName, jdbcType=VARCHAR},
            </if>
            <if test="email != null">
                email = #{email, jdbcType=VARCHAR}
            </if>
        </set>
        WHERE
          uid = #{uid,jdbcType=INTEGER}
    </update>


</mapper>